{
	"CameraCalibration":	{
		"Camera GUID":	"28261332720039569593858627571560884355",
                "fx": 665.495250,
                "fy": 665.679712,
                "cx": 376.098649,
                "cy": 227.016313,
                "k1": -0.483833,
                "k2": 0.323916,
                "p1": 0.000442,
                "p2": 0.000864,
                "k3": -0.157824
	},
	"CameraCalibration":	{
		"Camera GUID":	"210276813192127523724242689214081811001",
		"fx":	656.413215,
		"fy":	657.237047,
		"cx":	389.437595,
		"cy":	237.305418,
		"k1":	-0.482448,
		"k2":	0.314909,
		"p1":	0.000854,
		"p2":	0.000352,
		"k3":	-0.138028
	},
	"CameraCalibration":	{
		"Camera GUID":	"210276855192127527924242689634081811043",
		"fx":	658.624760,
		"fy":	659.491044,
		"cx":	377.246935,
		"cy":	224.018195,
		"k1":	-0.475811,
		"k2":	0.267881,
		"p1":	-0.000420,
		"p2":	0.000110,
		"k3":	-0.061727
	},
	"CameraCalibration":	{
		"Camera GUID":	"210276853192127527724242689614081811041",
		"fx":	660.661231,
		"fy":	661.536323,
		"cx":	372.922935,
		"cy":	252.346672,
		"k1":	-0.479832,
		"k2":	0.292911,
		"p1":	0.001072,
		"p2":	0.000012,
		"k3":	-0.101795
	},
	"CameraCalibration":	{
		"Camera GUID":	"41973286531316460149972074261993301330",
		"fx":	659.0565762109188,
		"fy":	658.8707210515421,
		"cx":	377.0034454995782,
		"cy":	230.5327542264857,
		"k1":	-0.4936432518875914,
		"k2":	0.3428908165647796,
		"p1":	-0.001070429664925448,
		"p2":	-0.0005464850859102259,
		"k3":	-0.1641674325025961
	},
  "CameraCalibration":	{
		"Camera GUID":	"164918182261365372616082639654114738629",
		"Name": "PTC - CCP",
		"fx":	657.2655255378865,
		"fy":	657.2503649176846,
		"cx":	361.2362044463127,
		"cy":	239.0540704017426,
		"k1":	-0.4866526544570817,
		"k2":	0.3269892073673582,
		"p1":	0.0005721540980920853,
		"p2":	-0.0006593740886400014,
		"k3":	-0.145112513188893
	},
	"CameraCalibration":	{
		"Camera GUID":	"28261332620039569583858627570560884354",
		"Name": "PTC5",
		"fx":	653.3520035627246,
		"fy":	654.2103669938044,
		"cx":	385.2222295958903,
		"cy":	236.2537161319876,
		"k1":	-0.4783394056681998,
		"k2":	0.3088095682344921,
		"p1":	0.0001243633205766218,
		"p2":	-0.000392890573771785,
		"k3":	-0.1304281101983732
	},
	"CameraCalibration":	{
		"Camera GUID":	"28261328320039569153858627527560884311",
		"Serial":	"13463223",
		"Name": "PTC-CES1",
		"fx":	657.943322,
		"fy":	658.379731,
		"cx":	366.016040,
		"cy":	241.193770,
		"k1":	-0.478363,
		"k2":	 0.297358,
		"p1":	 -0.000728,
		"p2":	-0.000036,
		"k3":	-0.120600
	},
	"CameraCalibration":	{
		"Camera GUID":	"28261328520039569173858627529560884313",
		"Serial":	"13463225",
		"Name": "PTC-CES2",
		"fx":	659.818917,
		"fy":	659.704877,
		"cx":	378.556618,
		"cy":	237.966216,
		"k1":	-0.476058,
		"k2":	 0.281228,
		"p1":	 0.000535,
		"p2":	 0.000122,
		"k3":	-0.099784
	},
	"CameraCalibration":	{
		"Camera GUID":	"28261327620039569083858627520560884304",
		"Serial":	"13463216",
		"Name": "PTC-CES3",
		"fx":	662.603500,
		"fy":	662.387025,
		"cx":	377.370508,
		"cy":	245.206613,
		"k1":	-0.475760,
		"k2":	 0.286758,
		"p1":	 0.000164,
		"p2":	-0.001657,
		"k3":	-0.104525
	},
	"CameraCalibration":	{
		"Camera GUID":	"316042330636836811942226617620626739572",
		"Serial":	"13463252",
		"Name": "PTC-CES4",
		"fx":	660.017734,
		"fy":	659.903755,
		"cx":	379.248494,
		"cy":	234.446297,
		"k1":	-0.474051,
		"k2":	 0.278561,
		"p1":	-0.000597,
		"p2":	-0.001003,
		"k3":	-0.095590
	},
	"CameraCalibration":	{
		"Camera GUID":	"28261328420039569163858627528560884312",
		"Serial":	"13463224",
		"Name": "PTC12",
		"fx":	653.321954749945,
		"fy":	654.1080309507815,
		"cx":	367.3121968927854,
		"cy":	248.1492110154449,
		"k1":	-0.4776317160337202,
		"k2":	0.328211111937388,
		"p1":	-0.0007732914005605703,
		"p2":	-0.0007925860969624248,
		"k3":	-0.1739089678807352
	},
	"CameraCalibration":	{
		"Camera GUID":	"28261328220039569143858627526560884310",
		"Serial":	"13463222",
		"Name": "PTC13",
                "fx": 661.327197,
                "fy": 661.333006,
                "cx": 372.130053,
                "cy": 219.418590,
                "k1": -0.484409,
                "k2": 0.328979,
                "p1": -0.000681,
                "p2": -0.000038,
                "k3": -0.167665	
        },
	"CameraCalibration": {
        "Camera GUID": "28261327920039569113858627523560884307",
		"Serial": "13463219",
		"Name": "PTC14",
        "fx": 658.656069,
        "fy": 658.718442,
        "cx": 377.780997,
        "cy": 234.109177,
        "k1": -0.474082,
        "k2": 0.273873,
        "p1": 0.000379,
        "p2": -0.000658,
        "k3": -0.095048
		},
	"CameraCalibration": {
        "Camera GUID": "28261327820039569103858627522560884306",
		"Serial": "13463218",
		"Name": "PTC15",
        "fx": 660.738730,
        "fy": 660.798896,
        "cx": 375.307923,
        "cy": 233.315892,
        "k1": -0.474559,
        "k2": 0.279294,
        "p1": 0.000883,
        "p2": 0.001029,
        "k3": -0.102375
	},
}
